Date,Machine_ID,Machine_Output,Downtime,Shift,Operator,Temperature,Maintenance_Status,Production_Volume
2026-01-01,MACH_01,434,36.0,Morning,OP_105,69.4,Completed,420
2026-01-01,MACH_02,461,13.0,Evening,OP_105,67.6,Completed,447
2026-01-01,MACH_03,384,27.0,Morning,OP_104,66.7,Completed,372
2026-01-01,MACH_04,468,13.0,Evening,OP_104,67.5,Completed,453
2026-01-01,MACH_05,389,33.0,Evening,OP_105,67.9,Completed,377
2026-01-01,MACH_06,403,64.0,Evening,OP_103,70.7,Pending,390
2026-01-02,MACH_01,458,20.0,Morning,OP_106,66.6,Completed,444
2026-01-02,MACH_02,457,7.0,Morning,OP_104,71.6,Completed,443
2026-01-02,MACH_03,379,25.0,Morning,OP_105,74.3,Completed,367
2026-01-02,MACH_04,380,106.0,Morning,OP_101,78.9,Overdue,368
2026-01-02,MACH_05,393,28.0,Morning,OP_103,76.8,Completed,381
2026-01-02,MACH_06,454,36.0,Evening,OP_104,74.5,Pending,440
2026-01-03,MACH_01,443,36.0,Morning,OP_106,70.4,Completed,429
2026-01-03,MACH_02,444,43.0,Morning,OP_106,77.0,Pending,430
2026-01-03,MACH_03,379,19.0,Morning,OP_103,72.8,Completed,367
2026-01-03,MACH_04,472,30.0,Evening,OP_106,71.1,Completed,457
2026-01-03,MACH_05,408,13.0,Morning,OP_105,71.6,Completed,395
2026-01-03,MACH_06,462,25.0,Night,OP_104,69.0,Completed,448
2026-01-04,MACH_01,477,15.0,Morning,OP_101,67.2,Completed,462
2026-01-04,MACH_02,462,13.0,Night,OP_106,67.1,Completed,448
2026-01-04,MACH_03,377,13.0,Morning,OP_104,72.6,Completed,365
2026-01-04,MACH_04,295,114.0,Morning,OP_102,85.8,Overdue,271
2026-01-04,MACH_05,325,113.0,Morning,OP_101,86.7,Overdue,299
2026-01-04,MACH_06,454,33.0,Evening,OP_105,63.7,Completed,440
2026-01-05,MACH_01,435,36.0,Morning,OP_106,72.2,Completed,421
2026-01-05,MACH_02,445,39.0,Night,OP_104,68.2,Completed,431
2026-01-05,MACH_03,382,20.0,Morning,OP_104,69.3,Completed,370
2026-01-05,MACH_04,419,69.0,Evening,OP_102,75.4,Pending,406
2026-01-05,MACH_05,399,13.0,Morning,OP_106,72.1,Completed,387
2026-01-05,MACH_06,486,5.0,Morning,OP_101,69.1,Completed,471
2026-01-06,MACH_01,434,52.0,Morning,OP_103,76.8,Pending,420
2026-01-06,MACH_02,407,53.0,Evening,OP_106,77.3,Pending,394
2026-01-06,MACH_03,396,29.0,Evening,OP_105,71.1,Completed,384
2026-01-06,MACH_04,472,9.0,Evening,OP_103,65.5,Completed,457
2026-01-06,MACH_05,392,24.0,Morning,OP_106,73.8,Completed,380
2026-01-06,MACH_06,443,40.0,Night,OP_106,70.5,Completed,429
2026-01-07,MACH_01,464,22.0,Morning,OP_103,68.0,Completed,450
2026-01-07,MACH_02,419,60.0,Evening,OP_105,73.0,Pending,406
2026-01-07,MACH_03,390,22.0,Night,OP_101,71.2,Completed,378
2026-01-07,MACH_04,435,62.0,Morning,OP_102,68.8,Pending,421
2026-01-07,MACH_05,412,7.0,Morning,OP_106,71.4,Completed,399
2026-01-07,MACH_06,443,30.0,Morning,OP_106,66.7,Completed,429
2026-01-08,MACH_01,443,35.0,Night,OP_101,64.5,Completed,429
2026-01-08,MACH_02,467,10.0,Morning,OP_103,65.9,Completed,452
2026-01-08,MACH_03,395,21.0,Evening,OP_106,74.4,Completed,383
2026-01-08,MACH_04,466,19.0,Morning,OP_105,62.4,Completed,452
2026-01-08,MACH_05,367,35.0,Night,OP_104,71.7,Completed,355
2026-01-08,MACH_06,486,10.0,Evening,OP_102,62.0,Completed,471
2026-01-09,MACH_01,465,17.0,Morning,OP_101,67.0,Completed,451
2026-01-09,MACH_02,470,5.0,Evening,OP_105,74.7,Completed,455
2026-01-09,MACH_03,393,16.0,Morning,OP_105,72.0,Completed,381
2026-01-09,MACH_04,441,29.0,Night,OP_105,66.2,Completed,427
2026-01-09,MACH_05,392,21.0,Evening,OP_101,72.7,Completed,380
2026-01-09,MACH_06,451,22.0,Evening,OP_105,70.3,Completed,437
2026-01-10,MACH_01,406,76.0,Morning,OP_103,76.2,Pending,393
2026-01-10,MACH_02,440,33.0,Night,OP_104,67.2,Completed,426
2026-01-10,MACH_03,376,50.0,Morning,OP_105,78.1,Pending,364
2026-01-10,MACH_04,454,30.0,Night,OP_104,72.4,Completed,440
2026-01-10,MACH_05,317,100.0,Evening,OP_103,82.6,Overdue,291
2026-01-10,MACH_06,445,43.0,Night,OP_105,71.5,Completed,431
2026-01-11,MACH_01,431,55.0,Morning,OP_106,77.9,Pending,418
2026-01-11,MACH_02,379,110.0,Morning,OP_104,81.1,Overdue,348
2026-01-11,MACH_03,352,55.0,Night,OP_104,71.5,Completed,341
2026-01-11,MACH_04,432,50.0,Evening,OP_104,70.4,Pending,419
2026-01-11,MACH_05,363,51.0,Night,OP_102,67.7,Completed,352
2026-01-11,MACH_06,459,21.0,Morning,OP_104,70.4,Completed,445
2026-01-12,MACH_01,433,,Night,OP_106,66.6,Completed,420
2026-01-12,MACH_02,425,45.0,Night,OP_101,63.8,Completed,412
2026-01-12,MACH_03,394,18.0,Evening,OP_104,76.6,Completed,382
2026-01-12,MACH_04,457,30.0,Morning,OP_104,65.0,Completed,443
2026-01-12,MACH_05,391,12.0,Night,OP_101,72.4,Completed,379
2026-01-12,MACH_06,363,117.0,Evening,OP_105,81.9,Overdue,333
2026-01-13,MACH_01,486,8.0,Morning,OP_103,65.9,Completed,471
2026-01-13,MACH_02,366,123.0,Night,OP_102,79.9,Overdue,355
2026-01-13,MACH_03,391,13.0,Evening,OP_102,67.6,Completed,379
2026-01-13,MACH_04,476,7.0,Night,OP_103,68.5,Completed,461
2026-01-13,MACH_05,386,37.0,Night,OP_104,73.6,Completed,374
2026-01-13,MACH_06,406,69.0,Morning,OP_106,74.5,Pending,393
2026-01-14,MACH_01,435,47.0,Night,OP_101,66.2,Completed,421
2026-01-14,MACH_02,461,18.0,Morning,OP_101,71.7,Completed,447
2026-01-14,MACH_03,398,32.0,Night,OP_101,75.0,Completed,386
2026-01-14,MACH_04,461,17.0,Night,OP_103,69.8,Completed,447
2026-01-14,MACH_05,380,35.0,Night,OP_105,75.0,Completed,368
2026-01-14,MACH_06,469,22.0,Evening,OP_103,66.7,Completed,454
2026-01-15,MACH_01,408,85.0,Evening,OP_106,72.3,Pending,395
2026-01-15,MACH_02,430,32.0,Evening,OP_103,66.8,Completed,417
2026-01-15,MACH_03,384,40.0,Morning,OP_103,75.1,Completed,372
2026-01-15,MACH_04,433,54.0,Morning,OP_102,73.7,Pending,420
2026-01-15,MACH_05,300,113.0,Morning,OP_105,81.8,Overdue,276
2026-01-15,MACH_06,489,5.0,Morning,OP_101,70.0,Completed,474
2026-01-16,MACH_01,484,16.0,Evening,OP_104,70.2,Completed,469
2026-01-16,MACH_02,477,13.0,Morning,OP_102,67.0,Completed,462
2026-01-16,MACH_03,398,7.0,Morning,OP_106,73.7,Completed,386
2026-01-16,MACH_04,451,19.0,Evening,OP_105,64.4,Completed,437
2026-01-16,MACH_05,400,20.0,Evening,OP_106,74.5,Completed,388
2026-01-16,MACH_06,438,39.0,Morning,OP_104,68.2,Completed,424
2026-01-17,MACH_01,439,31.0,Morning,OP_103,68.1,Completed,425
2026-01-17,MACH_02,452,23.0,Evening,OP_103,68.2,Completed,438
2026-01-17,MACH_03,365,44.0,Morning,OP_101,80.2,Pending,335
2026-01-17,MACH_04,435,44.0,Evening,OP_102,70.4,Pending,421
2026-01-17,MACH_05,358,43.0,Evening,OP_102,78.4,Completed,347
2026-01-17,MACH_06,474,5.0,Night,OP_102,64.6,Completed,459
2026-01-18,MACH_01,454,22.0,Night,OP_105,66.6,Completed,440
2026-01-18,MACH_02,481,5.0,Morning,OP_101,66.8,Completed,466
2026-01-18,MACH_03,381,39.0,Night,OP_106,72.3,Completed,369
2026-01-18,MACH_04,431,41.0,Night,OP_103,65.1,Completed,418
2026-01-18,MACH_05,419,10.0,Morning,OP_106,75.9,Completed,406
2026-01-18,MACH_06,438,29.0,Night,OP_106,68.8,Completed,424
2026-01-19,MACH_01,460,5.0,Evening,OP_101,74.2,Completed,446
2026-01-19,MACH_02,454,33.0,Evening,OP_104,68.7,Completed,440
2026-01-19,MACH_03,399,17.0,Evening,OP_106,75.7,Completed,387
2026-01-19,MACH_04,451,32.0,Night,OP_104,66.2,Completed,437
2026-01-19,MACH_05,383,27.0,Morning,OP_105,72.2,Completed,371
2026-01-19,MACH_06,460,26.0,Night,OP_103,67.0,Completed,446
2026-01-20,MACH_01,419,42.0,Evening,OP_102,67.9,Pending,406
2026-01-20,MACH_02,471,17.0,Evening,OP_101,66.9,Completed,456
2026-01-20,MACH_03,410,10.0,Evening,OP_103,68.4,Completed,397
2026-01-20,MACH_04,470,25.0,Morning,OP_105,71.3,Completed,455
2026-01-20,MACH_05,394,19.0,Night,OP_101,76.5,Completed,382
2026-01-20,MACH_06,404,66.0,Night,OP_103,72.6,Pending,391
2026-01-21,MACH_01,461,14.0,Morning,OP_105,71.9,Completed,447
2026-01-21,MACH_02,464,35.0,Evening,OP_102,66.3,Completed,450
2026-01-21,MACH_03,384,37.0,Evening,OP_103,68.7,Completed,372
2026-01-21,MACH_04,459,16.0,Morning,OP_105,67.8,Completed,445
2026-01-21,MACH_05,359,62.0,Evening,OP_103,85.3,Pending,330
2026-01-21,MACH_06,463,12.0,Morning,OP_104,69.3,Completed,449
2026-01-22,MACH_01,453,11.0,Morning,OP_101,64.8,Completed,439
2026-01-22,MACH_02,391,65.0,Evening,OP_102,78.2,Pending,379
2026-01-22,MACH_03,380,29.0,Night,OP_102,76.5,Completed,368
2026-01-22,MACH_04,474,5.0,Night,OP_106,68.2,Completed,459
2026-01-22,MACH_05,362,56.0,Night,OP_101,77.3,Pending,351
2026-01-22,MACH_06,458,20.0,Night,OP_101,63.5,Completed,444
2026-01-23,MACH_01,483,10.0,Night,OP_101,65.4,Completed,468
2026-01-23,MACH_02,455,19.0,Morning,OP_106,,Completed,441
2026-01-23,MACH_03,359,41.0,Evening,OP_102,74.7,Completed,348
2026-01-23,MACH_04,454,23.0,Evening,OP_103,76.4,Completed,440
2026-01-23,MACH_05,375,51.0,Night,OP_102,70.7,Completed,363
2026-01-23,MACH_06,457,21.0,Morning,OP_103,71.8,Completed,443
2026-01-24,MACH_01,453,27.0,Morning,OP_101,70.6,Completed,439
2026-01-24,MACH_02,408,61.0,Night,OP_104,74.2,Pending,395
2026-01-24,MACH_03,362,41.0,Morning,OP_102,69.0,Completed,351
2026-01-24,MACH_04,404,69.0,Morning,OP_104,71.6,Pending,391
2026-01-24,MACH_05,390,19.0,Morning,OP_105,76.9,Completed,378
2026-01-24,MACH_06,486,10.0,Morning,OP_106,72.0,Completed,471
2026-01-25,MACH_01,415,59.0,Morning,OP_106,74.1,Pending,402
2026-01-25,MACH_02,474,19.0,Morning,OP_102,65.7,Completed,459
2026-01-25,MACH_03,403,26.0,Morning,OP_105,72.6,Completed,390
2026-01-25,MACH_04,435,32.0,Evening,OP_102,78.7,Pending,421
2026-01-25,MACH_05,376,22.0,Evening,OP_102,73.0,Completed,364
2026-01-25,MACH_06,482,8.0,Morning,OP_103,69.7,Completed,467
2026-01-26,MACH_01,449,18.0,Evening,OP_102,62.7,Completed,435
2026-01-26,MACH_02,480,9.0,Night,OP_101,68.4,Completed,465
2026-01-26,MACH_03,410,8.0,Night,OP_105,70.9,Completed,397
2026-01-26,MACH_04,427,62.0,Evening,OP_103,78.8,Pending,414
2026-01-26,MACH_05,401,12.0,Morning,OP_102,77.0,Completed,388
2026-01-26,MACH_06,464,26.0,Morning,OP_103,73.8,Completed,450
2026-01-27,MACH_01,302,123.0,Evening,OP_106,82.8,Overdue,277
2026-01-27,MACH_02,472,5.0,Evening,OP_102,68.4,Completed,457
2026-01-27,MACH_03,409,8.0,Morning,OP_101,73.4,Completed,396
2026-01-27,MACH_04,480,5.0,Morning,OP_103,70.4,Completed,465
2026-01-27,MACH_05,364,70.0,Morning,OP_102,72.4,Pending,353
2026-01-27,MACH_06,388,77.0,Night,OP_104,68.3,Pending,376
2026-01-28,MACH_01,439,36.0,Night,OP_102,70.7,Pending,425
2026-01-28,MACH_02,334,139.0,Night,OP_103,78.4,Overdue,323
2026-01-28,MACH_03,379,26.0,Evening,OP_105,69.2,Completed,367
2026-01-28,MACH_04,463,14.0,Morning,OP_104,67.4,Completed,449
2026-01-28,MACH_05,351,74.0,Morning,OP_106,82.0,Pending,322
2026-01-28,MACH_06,476,12.0,Morning,OP_101,67.3,Completed,461
2026-01-29,MACH_01,471,20.0,Evening,OP_106,67.7,Completed,456
2026-01-29,MACH_02,462,12.0,Morning,OP_103,67.0,Completed,448
2026-01-29,MACH_03,294,121.0,Morning,OP_101,89.4,Overdue,270
2026-01-29,MACH_04,304,110.0,Evening,OP_104,83.7,Overdue,279
2026-01-29,MACH_05,307,136.0,Night,OP_106,87.7,Overdue,282
2026-01-29,MACH_06,464,12.0,Morning,OP_104,70.1,Completed,450
2026-01-30,MACH_01,419,62.0,Night,OP_101,73.8,Pending,406
2026-01-30,MACH_02,440,30.0,Morning,OP_104,68.7,Completed,426
2026-01-30,MACH_03,303,127.0,Evening,OP_106,88.1,Overdue,278
2026-01-30,MACH_04,441,56.0,Evening,OP_103,76.6,Pending,427
2026-01-30,MACH_05,352,73.0,Night,OP_104,81.2,Pending,323
2026-01-30,MACH_06,429,52.0,Evening,OP_103,76.6,Pending,416
2026-01-31,MACH_01,421,65.0,Morning,OP_106,71.6,Pending,408
2026-01-31,MACH_02,445,37.0,Morning,OP_102,62.3,Completed,431
2026-01-31,MACH_03,383,,Morning,OP_106,77.6,Completed,371
2026-01-31,MACH_04,422,59.0,Night,OP_106,72.8,Pending,409
2026-01-31,MACH_05,338,77.0,Morning,OP_101,79.3,Pending,327
2026-01-31,MACH_06,406,53.0,Evening,OP_104,79.7,Pending,393
2026-02-01,MACH_01,465,15.0,Night,OP_102,67.7,Completed,451
2026-02-01,MACH_02,442,32.0,Night,OP_103,71.5,Completed,428
2026-02-01,MACH_03,357,57.0,Evening,OP_103,81.3,Pending,328
2026-02-01,MACH_04,427,46.0,Morning,OP_102,78.6,Pending,414
2026-02-01,MACH_05,355,50.0,Morning,OP_101,70.5,Completed,344
2026-02-01,MACH_06,423,61.0,Morning,OP_105,74.5,Pending,410
2026-02-02,MACH_01,435,61.0,Night,OP_103,75.5,Pending,421
2026-02-02,MACH_02,468,11.0,Morning,OP_101,72.5,Completed,453
2026-02-02,MACH_03,392,19.0,Evening,OP_105,74.9,Completed,380
2026-02-02,MACH_04,482,5.0,Evening,OP_102,64.5,Completed,467
2026-02-02,MACH_05,301,120.0,Evening,OP_101,88.8,Overdue,276
2026-02-02,MACH_06,431,48.0,Morning,OP_106,69.3,Completed,418
2026-02-03,MACH_01,410,56.0,Evening,OP_102,77.1,Pending,397
2026-02-03,MACH_02,462,23.0,Night,OP_102,64.7,Completed,448
2026-02-03,MACH_03,282,131.0,Morning,OP_101,93.1,Overdue,259
2026-02-03,MACH_04,457,36.0,Night,OP_102,70.6,Completed,443
2026-02-03,MACH_05,382,57.0,Evening,OP_103,84.0,Pending,351
2026-02-03,MACH_06,468,27.0,Evening,OP_102,65.9,Completed,453
2026-02-04,MACH_01,438,48.0,Evening,OP_101,70.9,Pending,424
2026-02-04,MACH_02,486,5.0,Evening,OP_102,71.4,Completed,471
2026-02-04,MACH_03,401,7.0,Evening,OP_103,75.8,Completed,388
2026-02-04,MACH_04,463,7.0,Night,OP_102,63.0,Completed,449
2026-02-04,MACH_05,358,55.0,Morning,OP_104,76.9,Completed,347
2026-02-04,MACH_06,436,52.0,Morning,OP_104,74.2,Pending,422
2026-02-05,MACH_01,487,5.0,Morning,OP_103,64.2,Completed,472
2026-02-05,MACH_02,454,23.0,Morning,OP_102,67.6,Completed,440
2026-02-05,MACH_03,423,5.0,Evening,OP_106,78.8,Completed,410
2026-02-05,MACH_04,486,5.0,Morning,OP_101,70.7,Completed,471
2026-02-05,MACH_05,285,121.0,Night,OP_104,83.3,Overdue,262
2026-02-05,MACH_06,444,37.0,Night,OP_101,68.8,Completed,430
2026-02-06,MACH_01,439,44.0,Morning,OP_106,67.0,Completed,425
2026-02-06,MACH_02,458,16.0,Evening,OP_106,69.3,Completed,444
2026-02-06,MACH_03,364,54.0,Morning,OP_105,82.2,Pending,334
2026-02-06,MACH_04,434,43.0,Morning,OP_102,62.0,Completed,420
2026-02-06,MACH_05,360,33.0,Morning,OP_101,73.6,Completed,349
2026-02-06,MACH_06,461,20.0,Evening,OP_104,76.8,Completed,447
2026-02-07,MACH_01,436,42.0,Morning,OP_105,66.1,Completed,422
2026-02-07,MACH_02,459,22.0,Evening,OP_102,68.7,Completed,445
2026-02-07,MACH_03,348,79.0,Night,OP_103,83.3,Pending,320
2026-02-07,MACH_04,467,8.0,Morning,OP_105,64.6,Completed,452
2026-02-07,MACH_05,372,48.0,Evening,OP_101,79.2,Pending,360
2026-02-07,MACH_06,450,37.0,Night,OP_104,65.6,Completed,436
2026-02-08,MACH_01,412,54.0,Night,OP_103,69.6,Pending,399
2026-02-08,MACH_02,486,9.0,Evening,OP_102,71.5,Completed,471
2026-02-08,MACH_03,381,19.0,Evening,OP_101,73.1,Completed,369
2026-02-08,MACH_04,445,31.0,Evening,OP_102,68.9,Completed,431
2026-02-08,MACH_05,374,40.0,Evening,OP_106,80.3,Pending,344
2026-02-08,MACH_06,476,22.0,Morning,OP_106,63.1,Completed,461
2026-02-09,MACH_01,448,33.0,Night,OP_103,70.3,Completed,434
2026-02-09,MACH_02,461,14.0,Morning,OP_105,67.8,Completed,447
2026-02-09,MACH_03,380,12.0,Evening,OP_105,76.9,Completed,368
2026-02-09,MACH_04,473,7.0,Evening,OP_102,69.2,Completed,458
2026-02-09,MACH_05,382,22.0,Night,OP_105,76.8,Completed,370
2026-02-09,MACH_06,446,35.0,Night,OP_104,,Completed,432
2026-02-10,MACH_01,444,25.0,Evening,OP_106,72.0,Completed,430
2026-02-10,MACH_02,433,40.0,Morning,OP_102,75.4,Pending,420
2026-02-10,MACH_03,381,40.0,Night,OP_102,75.3,Completed,369
2026-02-10,MACH_04,450,26.0,Morning,OP_102,70.0,Completed,436
2026-02-10,MACH_05,404,18.0,Evening,OP_105,74.1,Completed,391
2026-02-10,MACH_06,436,28.0,Morning,OP_106,74.6,Completed,422
2026-02-11,MACH_01,450,33.0,Evening,OP_102,70.9,Completed,436
2026-02-11,MACH_02,456,13.0,Evening,OP_105,66.4,Completed,442
2026-02-11,MACH_03,390,17.0,Morning,OP_101,77.7,Completed,378
2026-02-11,MACH_04,481,6.0,Evening,OP_106,68.6,Completed,466
2026-02-11,MACH_05,381,25.0,Evening,OP_106,79.0,Completed,369
2026-02-11,MACH_06,356,130.0,Evening,OP_104,81.8,Overdue,327
2026-02-12,MACH_01,477,16.0,Morning,OP_102,72.8,Completed,462
2026-02-12,MACH_02,460,16.0,Night,OP_106,64.4,Completed,446
2026-02-12,MACH_03,389,,Night,OP_104,72.1,Completed,377
2026-02-12,MACH_04,416,73.0,Night,OP_105,71.9,Pending,403
2026-02-12,MACH_05,393,5.0,Morning,OP_101,70.5,Completed,381
2026-02-12,MACH_06,423,45.0,Evening,OP_103,65.8,Completed,410
2026-02-13,MACH_01,403,77.0,Evening,OP_103,79.1,Pending,390
2026-02-13,MACH_02,411,66.0,Morning,OP_106,66.6,Pending,398
2026-02-13,MACH_03,386,23.0,Night,OP_106,75.7,Completed,374
2026-02-13,MACH_04,454,27.0,Night,OP_102,66.4,Completed,440
2026-02-13,MACH_05,366,41.0,Night,OP_104,72.5,Completed,355
2026-02-13,MACH_06,465,20.0,Evening,OP_104,69.1,Completed,451
2026-02-14,MACH_01,449,33.0,Night,OP_104,59.3,Completed,435
2026-02-14,MACH_02,459,5.0,Morning,OP_106,65.6,Completed,445
2026-02-14,MACH_03,391,15.0,Evening,OP_102,74.4,Completed,379
2026-02-14,MACH_04,481,5.0,Evening,OP_104,67.1,Completed,466
2026-02-14,MACH_05,359,47.0,Morning,OP_104,75.5,Completed,348
2026-02-14,MACH_06,424,34.0,Night,OP_106,67.4,Completed,411
2026-02-15,MACH_01,476,7.0,Evening,OP_105,67.3,Completed,461
2026-02-15,MACH_02,466,19.0,Evening,OP_105,72.1,Completed,452
2026-02-15,MACH_03,278,149.0,Morning,OP_104,82.8,Overdue,255
2026-02-15,MACH_04,448,9.0,Evening,OP_103,69.7,Completed,434
2026-02-15,MACH_05,360,56.0,Night,OP_105,74.9,Completed,349
2026-02-15,MACH_06,429,64.0,Night,OP_104,72.9,Pending,416
2026-02-16,MACH_01,411,57.0,Morning,OP_106,72.1,Pending,398
2026-02-16,MACH_02,463,29.0,Evening,OP_101,68.2,Completed,449
2026-02-16,MACH_03,376,53.0,Night,OP_103,70.0,Completed,364
2026-02-16,MACH_04,423,34.0,Evening,OP_104,66.0,Completed,410
2026-02-16,MACH_05,348,55.0,Night,OP_102,77.0,Completed,337
2026-02-16,MACH_06,461,17.0,Morning,OP_101,72.5,Completed,447
2026-02-17,MACH_01,349,120.0,Night,OP_106,79.7,Overdue,338
2026-02-17,MACH_02,472,10.0,Evening,OP_104,67.8,Completed,457
2026-02-17,MACH_03,327,91.0,Morning,OP_106,81.7,Pending,300
2026-02-17,MACH_04,448,28.0,Morning,OP_106,67.0,Completed,434
2026-02-17,MACH_05,276,169.0,Morning,OP_102,89.1,Overdue,253
2026-02-17,MACH_06,461,18.0,Morning,OP_104,65.6,Completed,447
2026-02-18,MACH_01,356,114.0,Evening,OP_103,78.4,Overdue,345
2026-02-18,MACH_02,391,71.0,Night,OP_101,,Pending,379
2026-02-18,MACH_03,275,155.0,Evening,OP_104,86.1,Overdue,253
2026-02-18,MACH_04,369,104.0,Morning,OP_105,81.9,Overdue,339
2026-02-18,MACH_05,309,104.0,Night,OP_102,85.0,Pending,284
2026-02-18,MACH_06,411,69.0,Morning,OP_105,75.3,Pending,398
2026-02-19,MACH_01,424,51.0,Night,OP_104,69.7,Pending,411
2026-02-19,MACH_02,419,48.0,Night,OP_105,65.5,Completed,406
2026-02-19,MACH_03,276,138.0,Night,OP_106,83.7,Overdue,253
2026-02-19,MACH_04,460,30.0,Night,OP_104,71.8,Completed,446
2026-02-19,MACH_05,279,172.0,Evening,OP_105,93.6,Overdue,256
2026-02-19,MACH_06,311,115.0,Night,OP_104,84.9,Overdue,286
2026-02-20,MACH_01,400,70.0,Morning,OP_105,74.2,Pending,388
2026-02-20,MACH_02,441,25.0,Evening,OP_101,67.1,Completed,427
2026-02-20,MACH_03,287,143.0,Evening,OP_103,85.4,Overdue,264
2026-02-20,MACH_04,311,125.0,Morning,OP_106,88.8,Overdue,286
2026-02-20,MACH_05,332,85.0,Night,OP_105,75.8,Pending,322
2026-02-20,MACH_06,419,47.0,Evening,OP_105,76.3,Pending,406
2026-02-21,MACH_01,399,80.0,Evening,OP_104,78.5,Overdue,387
2026-02-21,MACH_02,454,16.0,Evening,OP_101,73.3,Completed,440
2026-02-21,MACH_03,286,149.0,Night,OP_101,85.1,Overdue,263
2026-02-21,MACH_04,473,14.0,Morning,OP_106,67.3,Completed,458
2026-02-21,MACH_05,357,41.0,Morning,OP_104,74.3,Completed,346
2026-02-21,MACH_06,429,52.0,Night,OP_102,70.9,Pending,416
2026-02-22,MACH_01,464,23.0,Night,OP_105,63.3,Completed,450
2026-02-22,MACH_02,428,55.0,Morning,OP_101,70.2,Pending,415
2026-02-22,MACH_03,349,74.0,Morning,OP_101,72.2,Completed,338
2026-02-22,MACH_04,425,32.0,Evening,OP_105,66.2,Completed,412
2026-02-22,MACH_05,269,150.0,Night,OP_101,87.8,Overdue,247
2026-02-22,MACH_06,433,36.0,Night,OP_101,73.8,Pending,420
2026-02-23,MACH_01,458,22.0,Evening,OP_106,67.1,Completed,444
2026-02-23,MACH_02,453,21.0,Night,OP_101,67.9,Completed,439
2026-02-23,MACH_03,293,155.0,Morning,OP_106,85.1,Overdue,269
2026-02-23,MACH_04,449,30.0,Evening,OP_102,69.1,Completed,435
2026-02-23,MACH_05,295,124.0,Evening,OP_104,85.6,Overdue,271
2026-02-23,MACH_06,477,5.0,Evening,OP_103,67.4,Completed,462
2026-02-24,MACH_01,439,13.0,Night,OP_104,71.1,Completed,425
2026-02-24,MACH_02,460,15.0,Evening,OP_102,71.2,Completed,446
2026-02-24,MACH_03,263,161.0,Morning,OP_105,86.3,Overdue,241
2026-02-24,MACH_04,306,138.0,Night,OP_105,85.4,Overdue,281
2026-02-24,MACH_05,272,154.0,Morning,OP_106,85.4,Overdue,250
2026-02-24,MACH_06,306,117.0,Morning,OP_104,82.8,Overdue,281
2026-02-25,MACH_01,440,28.0,Morning,OP_105,68.8,Completed,426
2026-02-25,MACH_02,435,36.0,Night,OP_104,65.5,Completed,421
2026-02-25,MACH_03,268,157.0,Night,OP_106,90.6,Overdue,246
2026-02-25,MACH_04,423,60.0,Evening,OP_106,75.8,Pending,410
2026-02-25,MACH_05,346,69.0,Morning,OP_101,70.5,Completed,335
2026-02-25,MACH_06,422,52.0,Morning,OP_101,74.6,Pending,409
2026-02-26,MACH_01,455,23.0,Night,OP_106,72.4,Completed,441
2026-02-26,MACH_02,408,69.0,Night,OP_104,74.9,Pending,395
2026-02-26,MACH_03,388,27.0,Evening,OP_103,68.9,Completed,376
2026-02-26,MACH_04,315,,Morning,OP_106,85.3,Overdue,289
2026-02-26,MACH_05,292,144.0,Evening,OP_106,90.1,Overdue,268
2026-02-26,MACH_06,356,125.0,Night,OP_101,,Overdue,327
2026-02-27,MACH_01,319,110.0,Evening,OP_104,84.0,Overdue,293
2026-02-27,MACH_02,457,19.0,Evening,OP_101,66.1,Completed,443
2026-02-27,MACH_03,365,44.0,Morning,OP_103,76.2,Completed,354
2026-02-27,MACH_04,407,75.0,Night,OP_102,74.4,Pending,394
2026-02-27,MACH_05,308,129.0,Morning,OP_105,86.3,Overdue,283
2026-02-27,MACH_06,467,24.0,Evening,OP_105,,Completed,452
2026-02-28,MACH_01,417,53.0,Morning,OP_105,70.6,Pending,404
2026-02-28,MACH_02,413,74.0,Morning,OP_105,72.6,Pending,400
2026-02-28,MACH_03,392,26.0,Morning,OP_104,73.2,Completed,380
2026-02-28,MACH_04,434,47.0,Evening,OP_101,74.4,Pending,420
2026-02-28,MACH_05,359,57.0,Morning,OP_101,76.4,Completed,348
2026-02-28,MACH_06,407,60.0,Evening,OP_105,69.2,Pending,394
2026-03-01,MACH_01,438,45.0,Morning,OP_101,73.1,Pending,424
2026-03-01,MACH_02,445,29.0,Evening,OP_103,72.0,Completed,431
2026-03-01,MACH_03,385,29.0,Morning,OP_101,74.3,Completed,373
2026-03-01,MACH_04,400,72.0,Evening,OP_103,77.2,Pending,388
2026-03-01,MACH_05,259,170.0,Night,OP_105,83.3,Overdue,238
2026-03-01,MACH_06,437,46.0,Morning,OP_101,74.4,Pending,423
2026-03-02,MACH_01,470,8.0,Morning,OP_104,67.4,Completed,455
2026-03-02,MACH_02,311,129.0,Morning,OP_101,82.2,Overdue,286
2026-03-02,MACH_03,286,150.0,Morning,OP_103,84.6,Overdue,263
2026-03-02,MACH_04,475,6.0,Evening,OP_105,64.8,Completed,460
2026-03-02,MACH_05,291,148.0,Morning,OP_106,85.5,Overdue,267
2026-03-02,MACH_06,408,76.0,Night,OP_101,73.4,Pending,395
2026-03-03,MACH_01,472,10.0,Evening,OP_102,68.2,Completed,457
2026-03-03,MACH_02,412,72.0,Morning,OP_103,77.2,Pending,399
2026-03-03,MACH_03,309,130.0,Morning,OP_103,91.9,Overdue,284
2026-03-03,MACH_04,467,8.0,Morning,OP_104,71.4,Completed,452
2026-03-03,MACH_05,332,105.0,Morning,OP_104,81.3,Pending,305
2026-03-03,MACH_06,439,45.0,Evening,OP_106,74.3,Pending,425
2026-03-04,MACH_01,434,37.0,Evening,OP_103,68.7,Pending,420
2026-03-04,MACH_02,353,123.0,Evening,OP_102,80.7,Overdue,324
2026-03-04,MACH_03,290,140.0,Evening,OP_104,88.6,Overdue,266
2026-03-04,MACH_04,440,52.0,Evening,OP_105,75.2,Pending,426
2026-03-04,MACH_05,318,84.0,Morning,OP_105,79.5,Pending,308
2026-03-04,MACH_06,486,17.0,Evening,OP_105,70.2,Completed,471
2026-03-05,MACH_01,438,40.0,Evening,OP_101,70.9,Pending,424
2026-03-05,MACH_02,309,121.0,Evening,OP_104,86.3,Overdue,284
2026-03-05,MACH_03,260,171.0,Morning,OP_103,88.8,Overdue,239
2026-03-05,MACH_04,421,65.0,Night,OP_104,74.8,Pending,408
2026-03-05,MACH_05,260,165.0,Morning,OP_104,82.7,Overdue,239
2026-03-05,MACH_06,380,97.0,Night,OP_103,72.0,Pending,368
2026-03-06,MACH_01,442,50.0,Night,OP_106,80.3,Pending,406
2026-03-06,MACH_02,465,7.0,Evening,OP_101,69.1,Completed,451
2026-03-06,MACH_03,350,92.0,Morning,OP_103,87.0,Pending,322
2026-03-06,MACH_04,421,72.0,Evening,OP_106,73.3,Pending,408
2026-03-06,MACH_05,326,106.0,Night,OP_101,82.9,Pending,299
2026-03-06,MACH_06,459,22.0,Evening,OP_105,69.5,Completed,445
2026-03-07,MACH_01,460,41.0,Evening,OP_101,76.9,Pending,446
2026-03-07,MACH_02,472,11.0,Evening,OP_102,70.4,Completed,457
2026-03-07,MACH_03,274,150.0,Night,OP_104,83.2,Overdue,252
2026-03-07,MACH_04,439,43.0,Night,OP_106,65.2,Completed,425
2026-03-07,MACH_05,261,164.0,Evening,OP_106,83.0,Overdue,240
2026-03-07,MACH_06,425,67.0,Night,OP_106,75.0,Pending,412
2026-03-08,MACH_01,456,26.0,Evening,OP_102,70.5,Completed,442
2026-03-08,MACH_02,335,106.0,Evening,OP_105,86.1,Overdue,308
2026-03-08,MACH_03,353,56.0,Morning,OP_102,72.4,Completed,342
2026-03-08,MACH_04,432,63.0,Morning,OP_102,77.4,Pending,419
2026-03-08,MACH_05,274,157.0,Night,OP_102,89.4,Overdue,252
2026-03-08,MACH_06,458,23.0,Evening,OP_102,68.4,Completed,444
2026-03-09,MACH_01,462,25.0,Evening,OP_101,68.6,Completed,448
2026-03-09,MACH_02,440,36.0,Night,OP_102,68.3,Completed,426
2026-03-09,MACH_03,360,56.0,Morning,OP_104,75.2,Completed,349
2026-03-09,MACH_04,454,24.0,Evening,OP_105,62.8,Completed,440
2026-03-09,MACH_05,288,139.0,Evening,OP_101,88.9,Overdue,264
2026-03-09,MACH_06,294,122.0,Evening,OP_104,83.0,Overdue,270
2026-03-10,MACH_01,433,39.0,Evening,OP_106,70.9,Completed,420
2026-03-10,MACH_02,449,50.0,Evening,OP_102,72.7,Pending,435
2026-03-10,MACH_03,335,88.0,Evening,OP_105,78.4,Pending,324
2026-03-10,MACH_04,420,58.0,Morning,OP_105,71.0,Pending,407
2026-03-10,MACH_05,389,33.0,Night,OP_101,73.3,Completed,377
2026-03-10,MACH_06,430,55.0,Evening,OP_105,66.8,Pending,417
2026-03-11,MACH_01,426,46.0,Evening,OP_104,71.4,Pending,413
2026-03-11,MACH_02,441,31.0,Morning,OP_101,68.4,Completed,427
2026-03-11,MACH_03,268,172.0,Evening,OP_104,93.3,Overdue,246
2026-03-11,MACH_04,450,32.0,Night,OP_103,74.0,Completed,436
2026-03-11,MACH_05,319,97.0,Night,OP_105,78.8,Pending,309
2026-03-11,MACH_06,427,55.0,Evening,OP_104,71.6,Pending,414
2026-03-12,MACH_01,434,54.0,Night,OP_104,76.0,Pending,420
2026-03-12,MACH_02,408,68.0,Night,OP_103,74.8,Pending,395
2026-03-12,MACH_03,284,139.0,Evening,OP_104,91.7,Overdue,261
2026-03-12,MACH_04,472,6.0,Evening,OP_102,68.2,Completed,457
2026-03-12,MACH_05,276,158.0,Night,OP_103,89.4,Overdue,253
2026-03-12,MACH_06,457,38.0,Night,OP_106,75.2,Pending,443
2026-03-13,MACH_01,304,114.0,Morning,OP_106,84.9,Overdue,279
2026-03-13,MACH_02,306,125.0,Night,OP_102,83.2,Overdue,281
2026-03-13,MACH_03,293,143.0,Morning,OP_101,86.5,Overdue,269
2026-03-13,MACH_04,307,120.0,Morning,OP_101,84.3,Overdue,282
2026-03-13,MACH_05,260,172.0,Night,OP_105,85.8,Overdue,239
2026-03-13,MACH_06,431,64.0,Night,OP_104,69.4,Pending,418
2026-03-14,MACH_01,446,29.0,Morning,OP_102,76.7,Pending,432
2026-03-14,MACH_02,452,13.0,Evening,OP_103,69.4,Completed,438
2026-03-14,MACH_03,357,46.0,Night,OP_105,71.7,Completed,346
2026-03-14,MACH_04,466,9.0,Night,OP_103,63.2,Completed,452
2026-03-14,MACH_05,312,100.0,Evening,OP_105,74.1,Pending,302
2026-03-14,MACH_06,327,105.0,Morning,OP_105,84.2,Overdue,300
2026-03-15,MACH_01,337,148.0,Night,OP_106,77.4,Overdue,326
2026-03-15,MACH_02,438,40.0,Night,OP_103,75.9,Completed,424
2026-03-15,MACH_03,294,118.0,Night,OP_105,79.6,Pending,285
2026-03-15,MACH_04,466,14.0,Evening,OP_101,68.0,Completed,452
2026-03-15,MACH_05,368,63.0,Evening,OP_103,74.0,Completed,356
2026-03-15,MACH_06,435,57.0,Night,OP_105,72.9,Pending,421
2026-03-16,MACH_01,346,128.0,Night,OP_102,76.7,Overdue,335
2026-03-16,MACH_02,434,47.0,Morning,OP_106,73.8,Pending,420
2026-03-16,MACH_03,282,137.0,Morning,OP_101,85.8,Overdue,259
2026-03-16,MACH_04,345,123.0,Morning,OP_104,79.8,Overdue,334
2026-03-16,MACH_05,274,152.0,Evening,OP_105,90.6,Overdue,252
2026-03-16,MACH_06,425,37.0,Morning,OP_101,70.2,Completed,412
2026-03-17,MACH_01,482,5.0,Evening,OP_103,68.4,Completed,467
2026-03-17,MACH_02,403,67.0,Evening,OP_101,69.8,Pending,390
2026-03-17,MACH_03,267,166.0,Night,OP_106,85.5,Overdue,245
2026-03-17,MACH_04,326,109.0,Morning,OP_103,83.3,Overdue,299
2026-03-17,MACH_05,356,75.0,Morning,OP_101,76.1,Pending,345
2026-03-17,MACH_06,411,35.0,Evening,OP_101,70.8,Completed,398
2026-03-18,MACH_01,462,25.0,Morning,OP_104,67.8,Completed,448
2026-03-18,MACH_02,456,37.0,Night,OP_101,71.0,Pending,442
2026-03-18,MACH_03,371,57.0,Morning,OP_106,74.6,Completed,359
2026-03-18,MACH_04,440,47.0,Morning,OP_106,78.5,Pending,426
2026-03-18,MACH_05,274,151.0,Evening,OP_103,88.1,Overdue,252
2026-03-18,MACH_06,459,7.0,Morning,OP_104,66.5,Completed,445
2026-03-19,MACH_01,441,31.0,Evening,OP_101,68.8,Completed,427
2026-03-19,MACH_02,429,49.0,Morning,OP_101,70.2,Pending,416
2026-03-19,MACH_03,275,160.0,Morning,OP_104,90.1,Overdue,253
2026-03-19,MACH_04,452,18.0,Night,OP_105,66.9,Completed,438
2026-03-19,MACH_05,365,54.0,Evening,OP_101,75.2,Completed,354
2026-03-19,MACH_06,440,57.0,Night,OP_101,71.2,Pending,426
2026-03-20,MACH_01,438,49.0,Morning,OP_104,69.2,Completed,424
2026-03-20,MACH_02,321,106.0,Evening,OP_106,86.1,Overdue,295
2026-03-20,MACH_03,360,47.0,Morning,OP_106,79.3,Completed,349
2026-03-20,MACH_04,456,34.0,Evening,OP_105,67.7,Completed,442
2026-03-20,MACH_05,277,138.0,Evening,OP_101,94.5,Overdue,254
2026-03-20,MACH_06,480,5.0,Morning,OP_101,72.3,Completed,465
2026-03-21,MACH_01,434,37.0,Evening,OP_101,70.3,Completed,420
2026-03-21,MACH_02,469,9.0,Evening,OP_102,70.1,Completed,454
2026-03-21,MACH_03,367,70.0,Evening,OP_101,78.7,Pending,355
2026-03-21,MACH_04,406,62.0,Evening,OP_102,78.1,Pending,393
2026-03-21,MACH_05,353,56.0,Night,OP_104,71.6,Completed,342
2026-03-21,MACH_06,441,25.0,Morning,OP_105,65.5,Completed,427
2026-03-22,MACH_01,293,120.0,Evening,OP_106,,Overdue,269
2026-03-22,MACH_02,479,15.0,Evening,OP_101,68.6,Completed,464
2026-03-22,MACH_03,299,133.0,Morning,OP_103,85.6,Overdue,275
2026-03-22,MACH_04,455,33.0,Night,OP_105,70.2,Completed,441
2026-03-22,MACH_05,278,154.0,Night,OP_104,89.1,Overdue,255
2026-03-22,MACH_06,430,30.0,Night,OP_102,59.9,Completed,417
2026-03-23,MACH_01,478,9.0,Morning,OP_106,66.0,Completed,463
2026-03-23,MACH_02,443,26.0,Morning,OP_105,67.5,Completed,429
2026-03-23,MACH_03,294,157.0,Night,OP_105,92.1,Overdue,270
2026-03-23,MACH_04,460,25.0,Morning,OP_105,62.0,Completed,446
2026-03-23,MACH_05,353,63.0,Morning,OP_105,80.3,Pending,324
2026-03-23,MACH_06,444,37.0,Evening,OP_103,65.4,Completed,430
2026-03-24,MACH_01,324,144.0,Night,OP_104,80.8,Overdue,298
2026-03-24,MACH_02,403,52.0,Evening,OP_105,75.1,Pending,390
2026-03-24,MACH_03,261,170.0,Evening,OP_105,88.3,Overdue,240
2026-03-24,MACH_04,425,51.0,Morning,OP_104,75.3,Pending,412
2026-03-24,MACH_05,344,80.0,Morning,OP_106,83.6,Pending,316
2026-03-24,MACH_06,441,42.0,Evening,OP_101,68.1,Completed,427
2026-03-25,MACH_01,471,5.0,Evening,OP_101,69.6,Completed,456
2026-03-25,MACH_02,424,63.0,Night,OP_101,74.2,Pending,411
2026-03-25,MACH_03,327,97.0,Night,OP_101,82.6,Pending,300
2026-03-25,MACH_04,428,60.0,Evening,OP_101,69.7,Pending,415
2026-03-25,MACH_05,285,160.0,Evening,OP_105,84.7,Overdue,262
2026-03-25,MACH_06,395,78.0,Night,OP_101,74.4,Pending,383
2026-03-26,MACH_01,395,84.0,Evening,OP_103,80.8,Overdue,363
2026-03-26,MACH_02,378,111.0,Evening,OP_102,81.4,Overdue,347
2026-03-26,MACH_03,289,150.0,Evening,OP_104,89.1,Overdue,265
2026-03-26,MACH_04,384,102.0,Night,OP_104,73.3,Overdue,372
2026-03-26,MACH_05,259,159.0,Morning,OP_106,92.6,Overdue,238
2026-03-26,MACH_06,347,128.0,Morning,OP_103,77.8,Overdue,336
2026-03-27,MACH_01,434,38.0,Night,OP_101,69.8,Completed,420
2026-03-27,MACH_02,444,39.0,Night,OP_102,74.2,Pending,430
2026-03-27,MACH_03,340,73.0,Evening,OP_104,77.2,Completed,329
2026-03-27,MACH_04,459,14.0,Morning,OP_104,69.6,Completed,445
2026-03-27,MACH_05,262,161.0,Evening,OP_105,88.6,Overdue,241
2026-03-27,MACH_06,391,71.0,Evening,OP_105,75.2,Pending,379
2026-03-28,MACH_01,448,18.0,Morning,OP_105,70.6,Completed,434
2026-03-28,MACH_02,454,5.0,Morning,OP_102,68.1,Completed,440
2026-03-28,MACH_03,317,110.0,Night,OP_101,76.7,Pending,307
2026-03-28,MACH_04,327,93.0,Morning,OP_105,83.7,Overdue,300
2026-03-28,MACH_05,361,61.0,Evening,OP_106,75.8,Completed,350
2026-03-28,MACH_06,408,52.0,Night,OP_102,73.9,Pending,395
2026-03-29,MACH_01,449,25.0,Morning,OP_106,67.0,Completed,435
2026-03-29,MACH_02,445,20.0,Evening,OP_106,68.2,Completed,431
2026-03-29,MACH_03,268,157.0,Evening,OP_105,86.6,Overdue,246
2026-03-29,MACH_04,275,144.0,Morning,OP_104,82.4,Overdue,253
2026-03-29,MACH_05,368,53.0,Morning,OP_105,73.9,Completed,356
2026-03-29,MACH_06,450,36.0,Morning,OP_105,72.3,Completed,436
2026-03-30,MACH_01,436,27.0,Morning,OP_103,67.6,Completed,422
2026-03-30,MACH_02,399,76.0,Morning,OP_105,69.6,Pending,387
2026-03-30,MACH_03,286,161.0,Morning,OP_104,87.1,Overdue,263
2026-03-30,MACH_04,366,122.0,Evening,OP_105,77.5,Overdue,355
2026-03-30,MACH_05,273,162.0,Evening,OP_103,86.7,Overdue,251
2026-03-30,MACH_06,449,39.0,Morning,OP_103,76.0,Pending,435
2026-03-31,MACH_01,432,46.0,Morning,OP_104,64.0,Completed,419
2026-03-31,MACH_02,407,103.0,Evening,OP_104,78.2,Overdue,394
2026-03-31,MACH_03,273,162.0,Evening,OP_105,89.3,Overdue,251
2026-03-31,MACH_04,456,19.0,Morning,OP_103,67.1,Completed,442
2026-03-31,MACH_05,278,159.0,Morning,OP_104,89.0,Overdue,255
2026-03-31,MACH_06,398,75.0,Night,OP_103,73.0,Pending,386
2026-01-01,MACH_01,434,36.0,Morning,OP_105,69.4,Completed,420
2026-01-01,MACH_02,461,13.0,Evening,OP_105,67.6,Completed,447
2026-01-01,MACH_03,384,27.0,Morning,OP_104,66.7,Completed,372
2026-01-01,MACH_04,468,13.0,Evening,OP_104,67.5,Completed,453
2026-01-01,MACH_05,389,33.0,Evening,OP_105,67.9,Completed,377
